Date,Open,High,Low,Close,Volume
2025-09-05 06:56:00,1.1664,1.1664,1.1664,1.1664,920.2
2025-09-05 06:57:00,1.1664,1.1665,1.1663,1.1663,2473.4
2025-09-05 06:58:00,1.1663,1.1665,1.1663,1.1664,13841.8
2025-09-05 06:59:00,1.1664,1.1664,1.1664,1.1664,1828.8
2025-09-05 07:00:00,1.1664,1.1664,1.1664,1.1664,1433.4
2025-09-05 07:01:00,1.1664,1.1665,1.1664,1.1664,2080.0
2025-09-05 07:02:00,1.1664,1.1665,1.1663,1.1665,13699.6
2025-09-05 07:03:00,1.1665,1.1665,1.1664,1.1665,2261.9
2025-09-05 07:04:00,1.1665,1.1666,1.1665,1.1666,1419.1
2025-09-05 07:05:00,1.1666,1.1666,1.1665,1.1666,1887.5
2025-09-05 07:06:00,1.1665,1.1666,1.1664,1.1666,1810.8
2025-09-05 07:07:00,1.1664,1.1666,1.1664,1.1665,2635.6
2025-09-05 07:08:00,1.1664,1.1665,1.1664,1.1664,1960.3
2025-09-05 07:09:00,1.1664,1.1666,1.1664,1.1665,6435.9
2025-09-05 07:10:00,1.1666,1.1667,1.1665,1.1666,1244.4
2025-09-05 07:11:00,1.1666,1.1666,1.1665,1.1665,1092.6
2025-09-05 07:12:00,1.1666,1.1667,1.1665,1.1667,1871.7
2025-09-05 07:13:00,1.1667,1.1667,1.1666,1.1667,457.3
2025-09-05 07:14:00,1.1667,1.1667,1.1666,1.1666,1058.8
2025-09-05 07:15:00,1.1667,1.1667,1.1666,1.1666,1739.6
2025-09-05 07:16:00,1.1666,1.1667,1.1666,1.1666,1390.4
2025-09-05 07:17:00,1.1666,1.1667,1.1666,1.1667,2964.0
2025-09-05 07:18:00,1.1667,1.1667,1.1666,1.1667,1719.7
2025-09-05 07:19:00,1.1666,1.1667,1.1666,1.1666,1562.8
2025-09-05 07:20:00,1.1666,1.1667,1.1666,1.1666,5588.5
2025-09-05 07:21:00,1.1667,1.1667,1.1666,1.1666,1571.7
2025-09-05 07:22:00,1.1666,1.1667,1.1666,1.1666,644.8
2025-09-05 07:23:00,1.1666,1.1667,1.1666,1.1666,631.7
2025-09-05 07:24:00,1.1666,1.1667,1.1666,1.1666,2824.9
2025-09-05 07:25:00,1.1667,1.1667,1.1666,1.1666,1064.3
2025-09-05 07:26:00,1.1666,1.1667,1.1666,1.1667,1624.1
2025-09-05 07:27:00,1.1666,1.1667,1.1666,1.1666,1612.5
2025-09-05 07:28:00,1.1666,1.1666,1.1666,1.1666,118.4
2025-09-05 07:29:00,1.1667,1.1667,1.1666,1.1666,344.9
2025-09-05 07:30:00,1.1666,1.1666,1.1666,1.1666,635.0
2025-09-05 07:31:00,1.1666,1.1667,1.1666,1.1667,3986.9
2025-09-05 07:32:00,1.1666,1.1666,1.1666,1.1666,346.9
2025-09-05 07:33:00,1.1666,1.1666,1.1666,1.1666,1706.1
2025-09-05 07:34:00,1.1666,1.1666,1.1666,1.1666,4483.7
2025-09-05 07:35:00,1.1667,1.1667,1.1665,1.1666,2793.1
2025-09-05 07:36:00,1.1666,1.1666,1.1666,1.1666,1086.8
2025-09-05 07:37:00,1.1666,1.1667,1.1666,1.1666,2770.5
2025-09-05 07:38:00,1.1666,1.1667,1.1666,1.1666,4507.1
2025-09-05 07:39:00,1.1667,1.1668,1.1666,1.1668,2705.9
2025-09-05 07:40:00,1.1668,1.1668,1.1667,1.1667,1376.4
2025-09-05 07:41:00,1.1668,1.1668,1.1667,1.1667,6236.2
2025-09-05 07:42:00,1.1667,1.1668,1.1667,1.1667,3206.5
2025-09-05 07:43:00,1.1668,1.1668,1.1667,1.1668,1867.7
2025-09-05 07:44:00,1.1667,1.1669,1.1667,1.1668,4859.9
2025-09-05 07:45:00,1.1668,1.1668,1.1668,1.1668,1580.1
2025-09-05 07:46:00,1.1668,1.1669,1.1668,1.1668,10149.1
2025-09-05 07:47:00,1.1668,1.1668,1.1668,1.1668,3487.6
2025-09-05 07:48:00,1.1668,1.1669,1.1668,1.1668,3056.7
2025-09-05 07:49:00,1.1668,1.167,1.1668,1.1669,3103.9
2025-09-05 07:50:00,1.1669,1.167,1.1669,1.167,2339.6
2025-09-05 07:51:00,1.1669,1.167,1.1669,1.1669,5159.4
2025-09-05 07:52:00,1.1668,1.167,1.1668,1.1668,2096.5
2025-09-05 07:53:00,1.1668,1.1668,1.1668,1.1668,2205.0
2025-09-05 07:54:00,1.1668,1.1669,1.1667,1.1668,8321.3
2025-09-05 07:55:00,1.1668,1.1669,1.1667,1.1668,20644.4
2025-09-05 07:56:00,1.1668,1.167,1.1668,1.1669,16651.6
2025-09-05 07:57:00,1.1669,1.1671,1.1669,1.1669,45674.3
2025-09-05 07:58:00,1.1669,1.1672,1.1669,1.1671,17268.2
2025-09-05 07:59:00,1.1671,1.1671,1.1671,1.1671,4161.9
2025-09-05 08:00:00,1.1671,1.1671,1.1669,1.1669,19696.9
2025-09-05 08:01:00,1.167,1.1672,1.167,1.1671,10003.5
2025-09-05 08:02:00,1.1671,1.1672,1.1671,1.1672,2034.8
2025-09-05 08:03:00,1.1672,1.1672,1.1671,1.1672,8744.3
2025-09-05 08:04:00,1.1672,1.1672,1.1671,1.1671,3844.4
2025-09-05 08:05:00,1.1671,1.1671,1.167,1.167,4024.4
2025-09-05 08:06:00,1.167,1.1671,1.167,1.1671,3708.4
2025-09-05 08:07:00,1.167,1.1671,1.167,1.167,4034.6
2025-09-05 08:08:00,1.1671,1.1671,1.1669,1.1669,7128.1
2025-09-05 08:09:00,1.1669,1.167,1.1668,1.1669,13355.8
2025-09-05 08:10:00,1.167,1.1671,1.1668,1.1669,18082.6
2025-09-05 08:11:00,1.1669,1.1669,1.1666,1.1666,14605.8
2025-09-05 08:12:00,1.1666,1.1667,1.1666,1.1666,5515.5
2025-09-05 08:13:00,1.1666,1.1667,1.1665,1.1665,3875.3
2025-09-05 08:14:00,1.1665,1.1667,1.1665,1.1665,15856.6
2025-09-05 08:15:00,1.1666,1.1666,1.1665,1.1666,6059.4
2025-09-05 08:16:00,1.1666,1.1666,1.1665,1.1665,4095.0
2025-09-05 08:17:00,1.1665,1.1666,1.1664,1.1664,1995.2
2025-09-05 08:18:00,1.1664,1.1665,1.1664,1.1665,4949.3
2025-09-05 08:19:00,1.1665,1.1666,1.1665,1.1666,2908.5
2025-09-05 08:20:00,1.1666,1.1666,1.1664,1.1666,3130.1
2025-09-05 08:21:00,1.1664,1.1666,1.1664,1.1665,2693.9
2025-09-05 08:22:00,1.1666,1.1666,1.1664,1.1664,1865.3
2025-09-05 08:23:00,1.1664,1.1665,1.1663,1.1663,2324.0
2025-09-05 08:24:00,1.1663,1.1664,1.1662,1.1662,16110.4
2025-09-05 08:25:00,1.1661,1.1663,1.1661,1.1661,4680.9
2025-09-05 08:26:00,1.1661,1.1662,1.1661,1.1662,4018.9
2025-09-05 08:27:00,1.1662,1.1664,1.1662,1.1664,4366.7
2025-09-05 08:28:00,1.1664,1.1665,1.1664,1.1665,14724.8
2025-09-05 08:29:00,1.1664,1.1665,1.1664,1.1664,2191.5
2025-09-05 08:30:00,1.1664,1.1666,1.1664,1.1666,7942.2
2025-09-05 08:31:00,1.1666,1.1668,1.1666,1.1668,10435.4
2025-09-05 08:32:00,1.1667,1.1669,1.1667,1.1668,7885.7
2025-09-05 08:33:00,1.1668,1.1669,1.1668,1.1668,6451.5
2025-09-05 08:34:00,1.1668,1.1669,1.1666,1.1667,19488.0
2025-09-05 08:35:00,1.1666,1.1668,1.1666,1.1668,5654.9
2025-09-05 08:36:00,1.1667,1.1668,1.1667,1.1667,3249.9
2025-09-05 08:37:00,1.1667,1.1668,1.1667,1.1667,5185.8
2025-09-05 08:38:00,1.1667,1.1668,1.1667,1.1667,3200.4
2025-09-05 08:39:00,1.1667,1.1668,1.1667,1.1668,2535.2
2025-09-05 08:40:00,1.1667,1.1669,1.1667,1.1669,21312.8
2025-09-05 08:41:00,1.1669,1.1669,1.1667,1.1668,6942.4
2025-09-05 08:42:00,1.1668,1.1669,1.1668,1.1669,1023.4
2025-09-05 08:43:00,1.1669,1.1669,1.1668,1.1668,924.7
2025-09-05 08:44:00,1.1668,1.1668,1.1668,1.1668,7017.1
2025-09-05 08:45:00,1.1668,1.1668,1.1667,1.1667,2056.0
2025-09-05 08:46:00,1.1667,1.1668,1.1667,1.1668,2775.8
2025-09-05 08:47:00,1.1667,1.1668,1.1667,1.1668,8031.4
2025-09-05 08:48:00,1.1669,1.1669,1.1667,1.1667,5171.8
2025-09-05 08:49:00,1.1667,1.1668,1.1666,1.1666,4948.0
2025-09-05 08:50:00,1.1666,1.1667,1.1665,1.1666,2194.0
2025-09-05 08:51:00,1.1666,1.1666,1.1664,1.1664,6783.0
2025-09-05 08:52:00,1.1664,1.1665,1.1664,1.1664,5363.8
2025-09-05 08:53:00,1.1664,1.1667,1.1664,1.1666,3510.6
2025-09-05 08:54:00,1.1665,1.1666,1.1665,1.1665,2845.4
2025-09-05 08:55:00,1.1667,1.1667,1.1665,1.1667,2121.8
2025-09-05 08:56:00,1.1667,1.1667,1.1665,1.1665,2372.1
2025-09-05 08:57:00,1.1665,1.1666,1.1665,1.1666,1643.0
2025-09-05 08:58:00,1.1666,1.1667,1.1665,1.1667,14930.3
2025-09-05 08:59:00,1.1665,1.1667,1.1664,1.1664,3915.1
2025-09-05 09:00:00,1.1664,1.1666,1.1664,1.1664,10843.4
2025-09-05 09:01:00,1.1664,1.1668,1.1664,1.1667,39960.1
2025-09-05 09:02:00,1.1667,1.1668,1.1666,1.1666,26962.0
2025-09-05 09:03:00,1.1666,1.1666,1.1665,1.1666,16221.8
2025-09-05 09:04:00,1.1665,1.1666,1.1665,1.1665,11264.1
2025-09-05 09:05:00,1.1666,1.1666,1.1664,1.1664,33318.5
2025-09-05 09:06:00,1.1665,1.1665,1.1664,1.1664,5882.4
2025-09-05 09:07:00,1.1664,1.1667,1.1664,1.1666,18317.0
2025-09-05 09:08:00,1.1667,1.1668,1.1666,1.1666,8687.6
2025-09-05 09:09:00,1.1666,1.1669,1.1666,1.1668,19133.9
2025-09-05 09:10:00,1.1669,1.167,1.1668,1.167,13312.0
2025-09-05 09:11:00,1.167,1.1672,1.1668,1.1669,73496.4
2025-09-05 09:12:00,1.167,1.1671,1.1669,1.167,19586.4
2025-09-05 09:13:00,1.1671,1.1671,1.1668,1.1668,44753.8
2025-09-05 09:14:00,1.1668,1.1669,1.1668,1.1668,27147.2
2025-09-05 09:15:00,1.1669,1.167,1.1669,1.1669,7728.8
2025-09-05 09:16:00,1.1669,1.167,1.1669,1.167,2405.2
2025-09-05 09:17:00,1.1669,1.167,1.1669,1.167,1360.0
2025-09-05 09:18:00,1.167,1.1671,1.167,1.167,6248.9
2025-09-05 09:19:00,1.1671,1.1672,1.167,1.167,39110.3
2025-09-05 09:20:00,1.167,1.1671,1.1667,1.1669,12919.0
2025-09-05 09:21:00,1.1669,1.167,1.1668,1.1669,105423.8
2025-09-05 09:22:00,1.1669,1.1671,1.1669,1.167,16867.7
2025-09-05 09:23:00,1.1671,1.1671,1.167,1.167,12031.5
2025-09-05 09:24:00,1.167,1.1671,1.1669,1.167,9427.3
2025-09-05 09:25:00,1.167,1.1671,1.1669,1.167,9707.8
2025-09-05 09:26:00,1.1671,1.1671,1.167,1.167,10419.4
2025-09-05 09:27:00,1.167,1.1672,1.167,1.1671,26506.1
2025-09-05 09:28:00,1.1672,1.1672,1.1671,1.1671,18723.9
2025-09-05 09:29:00,1.1671,1.1672,1.167,1.1671,17993.9
2025-09-05 09:30:00,1.1671,1.1672,1.167,1.167,30882.0
2025-09-05 09:31:00,1.167,1.1671,1.1669,1.1669,20231.1
2025-09-05 09:32:00,1.167,1.1671,1.1669,1.167,14855.3
2025-09-05 09:33:00,1.167,1.1671,1.1669,1.1669,6524.2
2025-09-05 09:34:00,1.167,1.1671,1.1669,1.167,3780.2
2025-09-05 09:35:00,1.167,1.1671,1.167,1.1671,12998.9
2025-09-05 09:36:00,1.167,1.1672,1.167,1.1671,17530.9
2025-09-05 09:37:00,1.1671,1.1672,1.167,1.1671,21765.4
2025-09-05 09:38:00,1.1671,1.1672,1.167,1.167,12083.5
2025-09-05 09:39:00,1.1671,1.1671,1.167,1.167,15682.8
2025-09-05 09:40:00,1.167,1.1672,1.167,1.1671,6820.2
2025-09-05 09:41:00,1.1671,1.1672,1.1671,1.1671,7234.5
2025-09-05 09:42:00,1.1671,1.1672,1.167,1.1672,25408.9
2025-09-05 09:43:00,1.1672,1.1672,1.1671,1.1672,6305.3
2025-09-05 09:44:00,1.1672,1.1672,1.1671,1.1672,3335.2
2025-09-05 09:45:00,1.1672,1.1672,1.167,1.1671,23920.3
2025-09-05 09:46:00,1.1671,1.1672,1.167,1.1672,15076.7
2025-09-05 09:47:00,1.1672,1.1673,1.1671,1.1671,20943.3
2025-09-05 09:48:00,1.1671,1.1672,1.167,1.167,15874.7
2025-09-05 09:49:00,1.167,1.1672,1.167,1.167,10264.3
2025-09-05 09:50:00,1.1671,1.1672,1.167,1.1671,7105.4
2025-09-05 09:51:00,1.1672,1.1674,1.1672,1.1673,18574.0
2025-09-05 09:52:00,1.1673,1.1674,1.1671,1.1671,40536.2
2025-09-05 09:53:00,1.1671,1.1672,1.1671,1.1672,9138.6
2025-09-05 09:54:00,1.1672,1.1674,1.1672,1.1674,29436.4
2025-09-05 09:55:00,1.1674,1.1675,1.1673,1.1675,13924.5
2025-09-05 09:56:00,1.1674,1.1676,1.1674,1.1675,8380.2
2025-09-05 09:57:00,1.1675,1.1676,1.1673,1.1673,29076.1
2025-09-05 09:58:00,1.1673,1.1673,1.1672,1.1672,19884.0
2025-09-05 09:59:00,1.1672,1.1674,1.1672,1.1673,21061.0
2025-09-05 10:00:00,1.1673,1.1673,1.1671,1.1672,23612.6
2025-09-05 10:01:00,1.1672,1.1673,1.1671,1.1673,7052.1
2025-09-05 10:02:00,1.1673,1.1673,1.1672,1.1672,6097.6
2025-09-05 10:03:00,1.1673,1.1673,1.1672,1.1672,3700.1
2025-09-05 10:04:00,1.1672,1.1672,1.1672,1.1672,4039.6
2025-09-05 10:05:00,1.1672,1.1674,1.1672,1.1673,3402.6
2025-09-05 10:06:00,1.1673,1.1674,1.1673,1.1673,5542.6
2025-09-05 10:07:00,1.1673,1.1674,1.1673,1.1673,7432.0
2025-09-05 10:08:00,1.1674,1.1674,1.1673,1.1673,6870.7
2025-09-05 10:09:00,1.1673,1.1673,1.1672,1.1673,45954.3
2025-09-05 10:10:00,1.1673,1.1674,1.1672,1.1674,30051.2
2025-09-05 10:11:00,1.1674,1.1675,1.1673,1.1675,10812.8
2025-09-05 10:12:00,1.1674,1.1676,1.1674,1.1676,31407.6
2025-09-05 10:13:00,1.1676,1.1676,1.1674,1.1674,20098.6
2025-09-05 10:14:00,1.1675,1.1675,1.1674,1.1675,17770.8
2025-09-05 10:15:00,1.1675,1.1676,1.1674,1.1675,21783.6
2025-09-05 10:16:00,1.1675,1.1676,1.1675,1.1675,11004.6
2025-09-05 10:17:00,1.1675,1.1676,1.1675,1.1676,24151.4
2025-09-05 10:18:00,1.1676,1.168,1.1676,1.1679,30193.0
2025-09-05 10:19:00,1.168,1.168,1.1678,1.1679,27223.4
2025-09-05 10:20:00,1.168,1.168,1.1679,1.1679,19867.8
2025-09-05 10:21:00,1.1679,1.1679,1.1678,1.1679,15606.1
2025-09-05 10:22:00,1.1678,1.1679,1.1677,1.1677,25158.2
2025-09-05 10:23:00,1.1678,1.1679,1.1677,1.1678,26313.2
2025-09-05 10:24:00,1.1678,1.1679,1.1678,1.1679,3379.8
2025-09-05 10:25:00,1.1678,1.1679,1.1678,1.1678,7439.6
2025-09-05 10:26:00,1.1679,1.1679,1.1678,1.1678,3395.9
2025-09-05 10:27:00,1.1679,1.1679,1.1677,1.1678,15559.5
2025-09-05 10:28:00,1.1677,1.1678,1.1676,1.1677,6662.8
2025-09-05 10:29:00,1.1677,1.1678,1.1677,1.1677,8616.9
2025-09-05 10:30:00,1.1678,1.168,1.1677,1.1678,31010.7
2025-09-05 10:31:00,1.1678,1.1678,1.1677,1.1677,5332.2
2025-09-05 10:32:00,1.1677,1.1678,1.1677,1.1677,3869.0
2025-09-05 10:33:00,1.1677,1.1678,1.1677,1.1677,8031.8
2025-09-05 10:34:00,1.1678,1.1678,1.1677,1.1677,7538.5
2025-09-05 10:35:00,1.1677,1.1678,1.1676,1.1676,28203.5
2025-09-05 10:36:00,1.1677,1.1677,1.1676,1.1676,6575.1
2025-09-05 10:37:00,1.1677,1.1677,1.1676,1.1677,5725.0
2025-09-05 10:38:00,1.1676,1.1677,1.1676,1.1676,6074.0
2025-09-05 10:39:00,1.1676,1.1677,1.1676,1.1677,19010.8
2025-09-05 10:40:00,1.1677,1.1678,1.1676,1.1677,23165.7
2025-09-05 10:41:00,1.1677,1.1678,1.1677,1.1677,6332.8
2025-09-05 10:42:00,1.1677,1.1678,1.1675,1.1676,24289.4
2025-09-05 10:43:00,1.1676,1.1677,1.1675,1.1677,19551.7
2025-09-05 10:44:00,1.1678,1.1678,1.1675,1.1676,5680.3
2025-09-05 10:45:00,1.1677,1.1677,1.1676,1.1677,17794.8
2025-09-05 10:46:00,1.1677,1.1679,1.1677,1.1679,24924.1
2025-09-05 10:47:00,1.1679,1.168,1.1678,1.1678,25908.8
2025-09-05 10:48:00,1.1678,1.1679,1.1677,1.1678,50558.1
2025-09-05 10:49:00,1.1678,1.1679,1.1678,1.1678,4315.7
2025-09-05 10:50:00,1.1678,1.1679,1.1678,1.1678,4553.9
2025-09-05 10:51:00,1.1679,1.1679,1.1678,1.1678,12209.7
2025-09-05 10:52:00,1.1678,1.1679,1.1678,1.1678,7676.7
2025-09-05 10:53:00,1.1678,1.1679,1.1678,1.1679,4266.9
2025-09-05 10:54:00,1.1679,1.1679,1.1678,1.1678,5335.3
2025-09-05 10:55:00,1.1679,1.1679,1.1678,1.1679,11047.2
2025-09-05 10:56:00,1.168,1.168,1.1679,1.168,30376.9
2025-09-05 10:57:00,1.1679,1.168,1.1679,1.1679,6139.2
2025-09-05 10:58:00,1.1679,1.1681,1.1679,1.168,32110.0
2025-09-05 10:59:00,1.168,1.1682,1.168,1.1681,17695.2
2025-09-05 11:00:00,1.1681,1.1682,1.168,1.168,20046.8
2025-09-05 11:01:00,1.1681,1.1681,1.168,1.168,2234.5
2025-09-05 11:02:00,1.168,1.1681,1.1678,1.168,51526.7
2025-09-05 11:03:00,1.1679,1.1679,1.1678,1.1679,7898.2
2025-09-05 11:04:00,1.1678,1.1679,1.1678,1.1679,5532.4
2025-09-05 11:05:00,1.1678,1.168,1.1678,1.168,30273.0
2025-09-05 11:06:00,1.1679,1.168,1.1678,1.1678,15765.1
2025-09-05 11:07:00,1.1678,1.1679,1.1678,1.1679,15367.7
2025-09-05 11:08:00,1.1679,1.1682,1.1679,1.168,34177.6
2025-09-05 11:09:00,1.1679,1.1681,1.1679,1.1681,13291.6
2025-09-05 11:10:00,1.1679,1.1682,1.1679,1.1681,11133.4
2025-09-05 11:11:00,1.1681,1.1683,1.1681,1.1682,20302.7
2025-09-05 11:12:00,1.1682,1.1683,1.168,1.1681,12782.9
2025-09-05 11:13:00,1.1683,1.1683,1.1682,1.1683,5228.2
2025-09-05 11:14:00,1.1682,1.1685,1.1682,1.1684,19693.1
2025-09-05 11:15:00,1.1684,1.1685,1.1683,1.1684,28173.3
2025-09-05 11:16:00,1.1685,1.1685,1.1684,1.1684,17032.6
2025-09-05 11:17:00,1.1685,1.1685,1.1683,1.1684,27514.2
2025-09-05 11:18:00,1.1684,1.1684,1.1683,1.1684,8411.2
2025-09-05 11:19:00,1.1684,1.1685,1.1683,1.1684,11377.2
2025-09-05 11:20:00,1.1686,1.1686,1.1684,1.1686,16561.3
2025-09-05 11:21:00,1.1686,1.1687,1.1685,1.1685,10427.3
2025-09-05 11:22:00,1.1686,1.1686,1.1685,1.1685,9037.3
2025-09-05 11:23:00,1.1685,1.1687,1.1685,1.1687,6566.8
2025-09-05 11:24:00,1.1686,1.1687,1.1686,1.1686,6304.8
2025-09-05 11:25:00,1.1686,1.1688,1.1686,1.1687,6061.4
2025-09-05 11:26:00,1.1687,1.1688,1.1686,1.1686,10756.3
2025-09-05 11:27:00,1.1686,1.1687,1.1686,1.1686,8412.2
2025-09-05 11:28:00,1.1686,1.1687,1.1684,1.1684,15525.2
2025-09-05 11:29:00,1.1684,1.1686,1.1684,1.1685,18876.1
2025-09-05 11:30:00,1.1685,1.1686,1.1684,1.1684,14454.9
2025-09-05 11:31:00,1.1684,1.1685,1.1684,1.1685,13073.6
2025-09-05 11:32:00,1.1684,1.1685,1.1683,1.1684,9082.2
2025-09-05 11:33:00,1.1685,1.1685,1.1684,1.1684,13104.8
2025-09-05 11:34:00,1.1683,1.1684,1.1683,1.1684,6667.5
2025-09-05 11:35:00,1.1683,1.1685,1.1683,1.1683,4239.2
2025-09-05 11:36:00,1.1683,1.1684,1.1683,1.1683,4528.5
2025-09-05 11:37:00,1.1683,1.1684,1.1683,1.1683,4777.8
2025-09-05 11:38:00,1.1684,1.1684,1.1682,1.1682,14880.6
2025-09-05 11:39:00,1.1682,1.1683,1.1681,1.1683,18774.3
2025-09-05 11:40:00,1.1682,1.1683,1.1682,1.1683,4790.0
2025-09-05 11:41:00,1.1682,1.1682,1.1681,1.1682,12240.6
2025-09-05 11:42:00,1.1681,1.1683,1.1681,1.1683,22136.3
2025-09-05 11:43:00,1.1682,1.1683,1.1681,1.1681,17280.5
2025-09-05 11:44:00,1.1681,1.1683,1.1681,1.1682,24882.0
2025-09-05 11:45:00,1.1682,1.1682,1.1682,1.1682,2261.5
2025-09-05 11:46:00,1.1682,1.1683,1.1682,1.1682,4689.4
2025-09-05 11:47:00,1.1681,1.1682,1.168,1.1681,4940.1
2025-09-05 11:48:00,1.1681,1.1684,1.1681,1.1682,51553.4
2025-09-05 11:49:00,1.1682,1.1683,1.1682,1.1682,4555.4
2025-09-05 11:50:00,1.1682,1.1683,1.1681,1.1681,4675.2
2025-09-05 11:51:00,1.1681,1.1682,1.1681,1.1682,4122.2
2025-09-05 11:52:00,1.1682,1.1684,1.1682,1.1683,10663.2
2025-09-05 11:53:00,1.1683,1.1684,1.1683,1.1683,3072.4
2025-09-05 11:54:00,1.1683,1.1683,1.1681,1.1681,8769.9
2025-09-05 11:55:00,1.1681,1.1683,1.1681,1.1682,4911.8
2025-09-05 11:56:00,1.1682,1.1684,1.1682,1.1684,6668.8
2025-09-05 11:57:00,1.1683,1.1685,1.1683,1.1683,2810.2
2025-09-05 11:58:00,1.1683,1.1685,1.1683,1.1684,3306.8
2025-09-05 11:59:00,1.1684,1.1685,1.1683,1.1683,2725.6
2025-09-05 12:00:00,1.1684,1.1685,1.1683,1.1684,3639.1
2025-09-05 12:01:00,1.1683,1.1684,1.1683,1.1683,3451.1
2025-09-05 12:02:00,1.1683,1.1684,1.1683,1.1684,17068.8
2025-09-05 12:03:00,1.1683,1.1685,1.1683,1.1683,9894.7
2025-09-05 12:04:00,1.1683,1.1685,1.1683,1.1684,4081.9
2025-09-05 12:05:00,1.1684,1.1685,1.1684,1.1684,5303.1
2025-09-05 12:06:00,1.1684,1.1685,1.1684,1.1685,8725.5
2025-09-05 12:07:00,1.1684,1.1686,1.1684,1.1684,19261.6
2025-09-05 12:08:00,1.1684,1.1686,1.1684,1.1685,7332.9
2025-09-05 12:09:00,1.1685,1.1685,1.1684,1.1684,3732.5
2025-09-05 12:10:00,1.1685,1.1686,1.1685,1.1685,5959.6
2025-09-05 12:11:00,1.1686,1.1686,1.1685,1.1685,8768.5
2025-09-05 12:12:00,1.1685,1.1686,1.1683,1.1683,4997.1
2025-09-05 12:13:00,1.1684,1.1684,1.1683,1.1684,7501.5
2025-09-05 12:14:00,1.1685,1.1685,1.1684,1.1684,928.8
2025-09-05 12:15:00,1.1684,1.1685,1.1684,1.1684,5198.0
2025-09-05 12:16:00,1.1684,1.1685,1.1684,1.1684,9574.7
2025-09-05 12:17:00,1.1684,1.1685,1.1683,1.1683,5216.0
2025-09-05 12:18:00,1.1685,1.1685,1.1683,1.1683,5179.8
2025-09-05 12:19:00,1.1683,1.1685,1.1683,1.1684,7010.0
2025-09-05 12:20:00,1.1684,1.1685,1.1684,1.1684,29635.7
2025-09-05 12:21:00,1.1684,1.1685,1.1684,1.1685,4688.3
2025-09-05 12:22:00,1.1685,1.1685,1.1684,1.1684,5176.8
2025-09-05 12:23:00,1.1684,1.1687,1.1684,1.1686,10231.4
2025-09-05 12:24:00,1.1686,1.1687,1.1686,1.1687,6503.1
2025-09-05 12:25:00,1.1686,1.1688,1.1686,1.1686,4888.6
2025-09-05 12:26:00,1.1686,1.1688,1.1686,1.1687,4887.8
2025-09-05 12:27:00,1.1686,1.1688,1.1686,1.1687,6302.1
2025-09-05 12:28:00,1.1687,1.1688,1.1687,1.1687,6027.3
2025-09-05 12:29:00,1.1687,1.1688,1.1687,1.1687,6285.1
2025-09-05 12:30:00,1.1688,1.1688,1.1687,1.1687,10271.4
2025-09-05 12:31:00,1.1687,1.1688,1.1687,1.1687,6210.7
2025-09-05 12:32:00,1.1687,1.1688,1.1686,1.1687,5693.1
2025-09-05 12:33:00,1.1687,1.1688,1.1687,1.1687,3342.4
2025-09-05 12:34:00,1.1688,1.1689,1.1688,1.1689,28887.6
2025-09-05 12:35:00,1.1688,1.1689,1.1688,1.1688,9042.5
2025-09-05 12:36:00,1.1688,1.1689,1.1688,1.1688,7525.6
2025-09-05 12:37:00,1.1688,1.1689,1.1688,1.1688,3959.2
2025-09-05 12:38:00,1.1688,1.1689,1.1688,1.1688,9543.1
2025-09-05 12:39:00,1.1687,1.1687,1.1686,1.1687,6763.9
2025-09-05 12:40:00,1.1687,1.1687,1.1686,1.1686,7540.6
2025-09-05 12:41:00,1.1686,1.1688,1.1686,1.1687,29614.5
2025-09-05 12:42:00,1.1687,1.1687,1.1686,1.1686,4718.1
2025-09-05 12:43:00,1.1686,1.1688,1.1686,1.1688,18719.6
2025-09-05 12:44:00,1.1687,1.1688,1.1687,1.1688,7454.9
2025-09-05 12:45:00,1.1688,1.1689,1.1687,1.1688,9293.8
2025-09-05 12:46:00,1.1688,1.1689,1.1687,1.1687,4433.4
2025-09-05 12:47:00,1.1689,1.1689,1.1687,1.1687,6463.0
2025-09-05 12:48:00,1.1687,1.1689,1.1687,1.1688,5503.5
2025-09-05 12:49:00,1.1689,1.1689,1.1688,1.1689,4800.8
2025-09-05 12:50:00,1.1688,1.1689,1.1688,1.1688,14803.1
2025-09-05 12:51:00,1.1689,1.1689,1.1687,1.1687,13018.1
2025-09-05 12:52:00,1.1687,1.1688,1.1687,1.1688,4863.4
2025-09-05 12:53:00,1.1688,1.1688,1.1687,1.1687,3880.4
2025-09-05 12:54:00,1.1687,1.1688,1.1687,1.1687,5038.6
2025-09-05 12:55:00,1.1687,1.1688,1.1687,1.1687,7180.2
2025-09-05 12:56:00,1.1688,1.1688,1.1686,1.1687,5148.8
2025-09-05 12:57:00,1.1686,1.1687,1.1686,1.1687,5444.6
2025-09-05 12:58:00,1.1686,1.1687,1.1686,1.1686,4970.3
2025-09-05 12:59:00,1.1687,1.1687,1.1685,1.1686,17460.1
2025-09-05 13:00:00,1.1685,1.1685,1.1682,1.1684,24722.2
2025-09-05 13:01:00,1.1684,1.1684,1.1683,1.1683,9414.1
2025-09-05 13:02:00,1.1683,1.1686,1.1683,1.1684,9678.0
2025-09-05 13:03:00,1.1684,1.1685,1.1683,1.1683,13656.0
2025-09-05 13:04:00,1.1684,1.1685,1.1683,1.1685,49721.7
2025-09-05 13:05:00,1.1684,1.1685,1.1682,1.1683,3554.4
2025-09-05 13:06:00,1.1683,1.1683,1.1682,1.1683,8392.9
2025-09-05 13:07:00,1.1682,1.1683,1.1682,1.1683,6087.9
2025-09-05 13:08:00,1.1682,1.1683,1.1682,1.1682,8229.2
2025-09-05 13:09:00,1.1684,1.1684,1.1682,1.1684,10658.9
2025-09-05 13:10:00,1.1683,1.1684,1.1683,1.1683,9274.1
2025-09-05 13:11:00,1.1684,1.1684,1.1683,1.1684,55298.3
2025-09-05 13:12:00,1.1684,1.1684,1.1683,1.1684,9129.9
2025-09-05 13:13:00,1.1684,1.1684,1.1683,1.1684,7003.4
2025-09-05 13:14:00,1.1684,1.1684,1.1683,1.1683,11572.0
2025-09-05 13:15:00,1.1683,1.1684,1.1682,1.1682,13239.3
2025-09-05 13:16:00,1.1681,1.1682,1.1679,1.1681,20895.5
2025-09-05 13:17:00,1.1681,1.1681,1.1679,1.168,6653.0
2025-09-05 13:18:00,1.1679,1.168,1.1679,1.1679,2568.7
2025-09-05 13:19:00,1.168,1.1681,1.1679,1.1681,9855.7
2025-09-05 13:20:00,1.1681,1.1681,1.1679,1.1679,10243.1
2025-09-05 13:21:00,1.168,1.168,1.1678,1.1678,15819.0
2025-09-05 13:22:00,1.1679,1.168,1.1677,1.1677,12915.0
2025-09-05 13:23:00,1.1678,1.1679,1.1676,1.1677,13264.4
2025-09-05 13:24:00,1.1678,1.168,1.1677,1.1679,14617.8
2025-09-05 13:25:00,1.168,1.168,1.1678,1.1678,13160.2
2025-09-05 13:26:00,1.1679,1.1679,1.1678,1.1679,6404.9
2025-09-05 13:27:00,1.1679,1.1681,1.1678,1.168,18798.8
2025-09-05 13:28:00,1.1679,1.168,1.1679,1.168,5951.8
2025-09-05 13:29:00,1.1679,1.168,1.1679,1.168,16591.3
2025-09-05 13:30:00,1.1679,1.168,1.1679,1.168,13196.2
2025-09-05 13:31:00,1.168,1.168,1.1678,1.1679,22736.0
2025-09-05 13:32:00,1.1678,1.1678,1.1678,1.1678,2748.1
2025-09-05 13:33:00,1.168,1.168,1.1678,1.1678,6416.6
2025-09-05 13:34:00,1.168,1.1681,1.1679,1.168,19467.6
2025-09-05 13:35:00,1.1681,1.1683,1.1681,1.1682,30729.6
2025-09-05 13:36:00,1.1681,1.1683,1.1681,1.1681,10709.5
2025-09-05 13:37:00,1.1681,1.1682,1.1681,1.1681,6359.8
2025-09-05 13:38:00,1.1681,1.1682,1.1681,1.1681,8596.9
2025-09-05 13:39:00,1.1681,1.1683,1.1681,1.1681,11573.6
2025-09-05 13:40:00,1.1681,1.1682,1.1679,1.1679,13002.1
2025-09-05 13:41:00,1.1679,1.1682,1.1679,1.168,21615.0
2025-09-05 13:42:00,1.1681,1.1681,1.168,1.168,7596.2
2025-09-05 13:43:00,1.1681,1.1682,1.168,1.1681,6991.1
2025-09-05 13:44:00,1.1681,1.1682,1.1679,1.1679,13670.0
2025-09-05 13:45:00,1.1679,1.168,1.1678,1.1679,10137.3
2025-09-05 13:46:00,1.168,1.168,1.1679,1.1679,5681.7
2025-09-05 13:47:00,1.1679,1.1681,1.1679,1.168,3120.5
2025-09-05 13:48:00,1.1679,1.168,1.1678,1.1679,19399.3
2025-09-05 13:49:00,1.1677,1.1678,1.1677,1.1678,5001.2
2025-09-05 13:50:00,1.1677,1.1678,1.1677,1.1678,6655.7
2025-09-05 13:51:00,1.1677,1.1678,1.1677,1.1678,10093.6
2025-09-05 13:52:00,1.1677,1.1678,1.1676,1.1677,8631.4
2025-09-05 13:53:00,1.1676,1.1677,1.1676,1.1676,9124.5
2025-09-05 13:54:00,1.1677,1.1678,1.1676,1.1677,15021.8
2025-09-05 13:55:00,1.1678,1.1679,1.1676,1.1679,24594.8
2025-09-05 13:56:00,1.1679,1.1681,1.1679,1.1681,4823.0
2025-09-05 13:57:00,1.1681,1.1683,1.168,1.1683,8499.9
2025-09-05 13:58:00,1.1683,1.1683,1.1682,1.1683,6064.1
2025-09-05 13:59:00,1.1683,1.1684,1.1682,1.1683,2896.2
2025-09-05 14:00:00,1.1684,1.1685,1.1683,1.1683,11578.6
2025-09-05 14:01:00,1.1683,1.1685,1.1682,1.1685,25605.2
2025-09-05 14:02:00,1.1685,1.1686,1.1685,1.1686,4427.6
2025-09-05 14:03:00,1.1686,1.1688,1.1685,1.1687,8761.3
2025-09-05 14:04:00,1.1687,1.1689,1.1687,1.1688,10948.1
2025-09-05 14:05:00,1.1689,1.1689,1.1688,1.1688,3560.8
2025-09-05 14:06:00,1.1688,1.169,1.1688,1.1689,14239.7
2025-09-05 14:07:00,1.1689,1.1693,1.1689,1.1692,17860.9
2025-09-05 14:08:00,1.1693,1.1696,1.1692,1.1696,22375.1
2025-09-05 14:09:00,1.1697,1.1697,1.1693,1.1693,17485.5
2025-09-05 14:10:00,1.1694,1.1698,1.1693,1.1697,12702.5
2025-09-05 14:11:00,1.1695,1.1697,1.1695,1.1696,6078.5
2025-09-05 14:12:00,1.1696,1.1696,1.1691,1.1691,25807.6
2025-09-05 14:13:00,1.1691,1.1693,1.1691,1.1692,27232.5
2025-09-05 14:14:00,1.1692,1.1694,1.1692,1.1694,4058.9
2025-09-05 14:15:00,1.1694,1.1696,1.1694,1.1695,15863.7
2025-09-05 14:16:00,1.1696,1.1696,1.1694,1.1695,23757.2
2025-09-05 14:17:00,1.1696,1.1697,1.1695,1.1696,18095.1
2025-09-05 14:18:00,1.1696,1.1697,1.1696,1.1696,17534.9
2025-09-05 14:19:00,1.1696,1.1696,1.1694,1.1695,15572.6
2025-09-05 14:20:00,1.1695,1.1697,1.1695,1.1696,24220.8
2025-09-05 14:21:00,1.1697,1.1697,1.1695,1.1696,14942.5
2025-09-05 14:22:00,1.1697,1.1698,1.1696,1.1697,16938.2
2025-09-05 14:23:00,1.1697,1.1698,1.1696,1.1697,17274.1
2025-09-05 14:24:00,1.1696,1.1698,1.1694,1.1694,29412.0
2025-09-05 14:25:00,1.1695,1.1695,1.1693,1.1693,13364.9
2025-09-05 14:26:00,1.1693,1.1694,1.1692,1.1692,17875.7
2025-09-05 14:27:00,1.1694,1.1694,1.1692,1.1693,12021.0
2025-09-05 14:28:00,1.1694,1.1695,1.1693,1.1694,16256.3
2025-09-05 14:29:00,1.1695,1.1697,1.1694,1.1695,42532.3
2025-09-05 14:30:00,1.1695,1.1737,1.1694,1.1732,2743528.8
2025-09-05 14:31:00,1.1734,1.1735,1.1729,1.1732,93323.6
2025-09-05 14:32:00,1.1731,1.1736,1.1727,1.1734,161970.7
2025-09-05 14:33:00,1.1735,1.1739,1.1734,1.1737,53756.1
2025-09-05 14:34:00,1.1738,1.1739,1.173,1.1731,159187.0
2025-09-05 14:35:00,1.1733,1.1733,1.1729,1.173,34813.4
2025-09-05 14:36:00,1.173,1.1731,1.1727,1.1729,68787.8
2025-09-05 14:37:00,1.173,1.1732,1.1728,1.1729,23646.2
2025-09-05 14:38:00,1.1729,1.173,1.1723,1.1723,89318.2
2025-09-05 14:39:00,1.1723,1.1725,1.1722,1.1725,15283.0
2025-09-05 14:40:00,1.1724,1.1727,1.1724,1.1724,25850.1
2025-09-05 14:41:00,1.1725,1.1725,1.1718,1.172,30143.3
2025-09-05 14:42:00,1.172,1.1721,1.1718,1.1721,62622.1
2025-09-05 14:43:00,1.1723,1.1727,1.1723,1.1725,14398.0
2025-09-05 14:44:00,1.1725,1.1726,1.1724,1.1725,27926.2
2025-09-05 14:45:00,1.1726,1.1726,1.1725,1.1725,32692.6
2025-09-05 14:46:00,1.1725,1.1726,1.1723,1.1724,24790.3
2025-09-05 14:47:00,1.1725,1.1726,1.1723,1.1724,29917.9
2025-09-05 14:48:00,1.1725,1.1726,1.1724,1.1725,19221.3
2025-09-05 14:49:00,1.1725,1.1726,1.1723,1.1725,17777.4
2025-09-05 14:50:00,1.1725,1.1726,1.1718,1.1719,25575.0
2025-09-05 14:51:00,1.1719,1.1723,1.1717,1.1722,44389.1
2025-09-05 14:52:00,1.1722,1.1723,1.1721,1.1723,33380.5
2025-09-05 14:53:00,1.1722,1.1725,1.1722,1.1724,21956.9
2025-09-05 14:54:00,1.1724,1.1727,1.1722,1.1727,27686.3
2025-09-05 14:55:00,1.1728,1.1733,1.1726,1.1728,110854.3
2025-09-05 14:56:00,1.1727,1.1728,1.1724,1.1725,38894.3
2025-09-05 14:57:00,1.1724,1.1726,1.1723,1.1724,23654.3
2025-09-05 14:58:00,1.1724,1.1726,1.1724,1.1726,7549.8
2025-09-05 14:59:00,1.1725,1.1727,1.1725,1.1727,17405.2
2025-09-05 15:00:00,1.1728,1.1731,1.1727,1.1731,28567.4
2025-09-05 15:01:00,1.1732,1.1734,1.173,1.173,58169.9
2025-09-05 15:02:00,1.1731,1.1731,1.1727,1.1727,40120.3
2025-09-05 15:03:00,1.1729,1.1729,1.1727,1.1727,47774.1
2025-09-05 15:04:00,1.1728,1.1729,1.1725,1.1728,41559.6
2025-09-05 15:05:00,1.1729,1.173,1.1727,1.1728,35992.3
2025-09-05 15:06:00,1.1729,1.1729,1.1726,1.1726,24620.4
2025-09-05 15:07:00,1.1726,1.1727,1.1725,1.1727,52276.3
2025-09-05 15:08:00,1.1727,1.1727,1.1725,1.1726,25599.8
2025-09-05 15:09:00,1.1725,1.1727,1.1725,1.1727,17695.6
2025-09-05 15:10:00,1.1726,1.1727,1.1725,1.1727,20241.5
2025-09-05 15:11:00,1.1727,1.1728,1.1726,1.1727,49568.8
2025-09-05 15:12:00,1.1728,1.1733,1.1727,1.1732,108835.1
2025-09-05 15:13:00,1.1733,1.1733,1.1729,1.173,56089.0
2025-09-05 15:14:00,1.173,1.173,1.1728,1.1728,34772.3
2025-09-05 15:15:00,1.1729,1.1729,1.1724,1.1726,21664.1
2025-09-05 15:15:00,1.1726,1.1726,1.1724,1.1724,554.0
2025-09-05 15:16:00,1.1724,1.1726,1.1724,1.1725,12956.199999999999
2025-09-05 15:17:00,1.1726,1.1726,1.1723,1.1723,12762.499999999998
2025-09-05 15:18:00,1.1724,1.1728,1.1724,1.1726,28567.9
2025-09-05 15:19:00,1.1728,1.1729,1.1727,1.1727,22956.499999999993
2025-09-05 15:20:00,1.1727,1.1728,1.1714,1.1716,152902.10000000015
